{
  "project_info": {
    "project_number": "22781565051",
    "firebase_url": "https://chatmessenger-594ac.firebaseio.com",
    "project_id": "chatmessenger-594ac",
    "storage_bucket": "chatmessenger-594ac.appspot.com"
  },
  "client": [
    {
      "client_info": {
        "mobilesdk_app_id": "1:22781565051:android:2c34810abac75111432ade",
        "android_client_info": {
          "package_name": "com.example.juba.chatmessenger"
        }
      },
      "oauth_client": [
        {
          "client_id": "22781565051-5madihm7epvcb3ovpuessnefdg2fspom.apps.googleusercontent.com",
          "client_type": 3
        }
      ],
      "api_key": [
        {
          "current_key": "AIzaSyBq8-owFqaJut3AGS-UjKd_Tqmfh2gGHIg"
        }
      ],
      "services": {
        "appinvite_service": {
          "other_platform_oauth_client": [
            {
              "client_id": "22781565051-5madihm7epvcb3ovpuessnefdg2fspom.apps.googleusercontent.com",
              "client_type": 3
            }
          ]
        }
      }
    }
  ],
  "configuration_version": "1"
}